"Random ID","format","distortion","EB","average_rating","id"
"98095","QMpro","LGDI1","EB1",3.6,"98095"
"98095","QMpro","LGDI1","EB2",5.77777777777778,"98095"
"98095","QMpro","LGDI1","EB3",3,"98095"
"98095","QMpro","LGDI1","EB4",2.1,"98095"
"98095","QMpro","LGDI2","EB1",4.4,"98095"
"98095","QMpro","LGDI2","EB2",5.8,"98095"
"98095","QMpro","LGDI2","EB3",3.2,"98095"
"98095","QMpro","LGDI2","EB4",2.2,"98095"
"35770","QMpro","LGDI1","EB1",3.9,"35770"
"35770","QMpro","LGDI1","EB2",5.6,"35770"
"35770","QMpro","LGDI1","EB3",2.9,"35770"
"35770","QMpro","LGDI1","EB4",2.2,"35770"
"35770","QMpro","LGDI2","EB1",5,"35770"
"35770","QMpro","LGDI2","EB2",6.3,"35770"
"35770","QMpro","LGDI2","EB3",2.6,"35770"
"35770","QMpro","LGDI2","EB4",2.4,"35770"
"96171","QMpro","LGDI1","EB1",4.6,"96171"
"96171","QMpro","LGDI1","EB2",5.5,"96171"
"96171","QMpro","LGDI1","EB3",2.6,"96171"
"96171","QMpro","LGDI1","EB4",2.8,"96171"
"96171","QMpro","LGDI2","EB1",4.6,"96171"
"96171","QMpro","LGDI2","EB2",6.4,"96171"
"96171","QMpro","LGDI2","EB3",3.1,"96171"
"96171","QMpro","LGDI2","EB4",2.1,"96171"
"72726","QMpro","LGDI1","EB1",2.5,"72726"
"72726","QMpro","LGDI1","EB2",5.5,"72726"
"72726","QMpro","LGDI1","EB3",2.4,"72726"
"72726","QMpro","LGDI1","EB4",1.8,"72726"
"72726","QMpro","LGDI2","EB1",3.1,"72726"
"72726","QMpro","LGDI2","EB2",6,"72726"
"72726","QMpro","LGDI2","EB3",2.6,"72726"
"72726","QMpro","LGDI2","EB4",1.7,"72726"
"29591","QMpro","LGDI1","EB1",2,"29591"
"29591","QMpro","LGDI1","EB2",5.1,"29591"
"29591","QMpro","LGDI1","EB3",2.6,"29591"
"29591","QMpro","LGDI1","EB4",2.3,"29591"
"29591","QMpro","LGDI2","EB1",2,"29591"
"29591","QMpro","LGDI2","EB2",5,"29591"
"29591","QMpro","LGDI2","EB3",2.6,"29591"
"29591","QMpro","LGDI2","EB4",2.1,"29591"
"80948","QMpro","LGDI1","EB1",3.4,"80948"
"80948","QMpro","LGDI1","EB2",6.2,"80948"
"80948","QMpro","LGDI1","EB3",3.2,"80948"
"80948","QMpro","LGDI1","EB4",2.5,"80948"
"80948","QMpro","LGDI2","EB1",4.4,"80948"
"80948","QMpro","LGDI2","EB2",6.5,"80948"
"80948","QMpro","LGDI2","EB3",3.4,"80948"
"80948","QMpro","LGDI2","EB4",2.5,"80948"
"34311","QMpro","LGDI1","EB1",3.5,"34311"
"34311","QMpro","LGDI1","EB2",5.3,"34311"
"34311","QMpro","LGDI1","EB3",3.3,"34311"
"34311","QMpro","LGDI1","EB4",3,"34311"
"34311","QMpro","LGDI2","EB1",4.2,"34311"
"34311","QMpro","LGDI2","EB2",6,"34311"
"34311","QMpro","LGDI2","EB3",4.3,"34311"
"34311","QMpro","LGDI2","EB4",3.5,"34311"
"35877","QMpro","LGDI1","EB1",4.6,"35877"
"35877","QMpro","LGDI1","EB2",4.9,"35877"
"35877","QMpro","LGDI1","EB3",3.9,"35877"
"35877","QMpro","LGDI1","EB4",4,"35877"
"35877","QMpro","LGDI2","EB1",4.2,"35877"
"35877","QMpro","LGDI2","EB2",4.6,"35877"
"35877","QMpro","LGDI2","EB3",4.2,"35877"
"35877","QMpro","LGDI2","EB4",3.9,"35877"
"85304","QMpro","LGDI1","EB1",2.6,"85304"
"85304","QMpro","LGDI1","EB2",4.9,"85304"
"85304","QMpro","LGDI1","EB3",1.6,"85304"
"85304","QMpro","LGDI1","EB4",1.1,"85304"
"85304","QMpro","LGDI2","EB1",3.8,"85304"
"85304","QMpro","LGDI2","EB2",5.8,"85304"
"85304","QMpro","LGDI2","EB3",1.9,"85304"
"85304","QMpro","LGDI2","EB4",1.3,"85304"
"39844","QMpro","LGDI1","EB1",5.4,"39844"
"39844","QMpro","LGDI1","EB2",5.5,"39844"
"39844","QMpro","LGDI1","EB3",3.3,"39844"
"39844","QMpro","LGDI1","EB4",1.8,"39844"
"39844","QMpro","LGDI2","EB1",5.7,"39844"
"39844","QMpro","LGDI2","EB2",5.6,"39844"
"39844","QMpro","LGDI2","EB3",3.8,"39844"
"39844","QMpro","LGDI2","EB4",1.9,"39844"
"65885","QMpro","LGDI1","EB1",3.4,"65885"
"65885","QMpro","LGDI1","EB2",4.2,"65885"
"65885","QMpro","LGDI1","EB3",2.7,"65885"
"65885","QMpro","LGDI1","EB4",2.2,"65885"
"65885","QMpro","LGDI2","EB1",4.6,"65885"
"65885","QMpro","LGDI2","EB2",5.3,"65885"
"65885","QMpro","LGDI2","EB3",3,"65885"
"65885","QMpro","LGDI2","EB4",2,"65885"
"64343","QMpro","LGDI1","EB1",3,"64343"
"64343","QMpro","LGDI1","EB2",5.8,"64343"
"64343","QMpro","LGDI1","EB3",2.7,"64343"
"64343","QMpro","LGDI1","EB4",2.3,"64343"
"64343","QMpro","LGDI2","EB1",4,"64343"
"64343","QMpro","LGDI2","EB2",6.4,"64343"
"64343","QMpro","LGDI2","EB3",3.1,"64343"
"64343","QMpro","LGDI2","EB4",2.7,"64343"
"42910","QMpro","LGDI1","EB1",3.7,"42910"
"42910","QMpro","LGDI1","EB2",4.3,"42910"
"42910","QMpro","LGDI1","EB3",3.3,"42910"
"42910","QMpro","LGDI1","EB4",3.3,"42910"
"42910","QMpro","LGDI2","EB1",4.2,"42910"
"42910","QMpro","LGDI2","EB2",5.3,"42910"
"42910","QMpro","LGDI2","EB3",3.6,"42910"
"42910","QMpro","LGDI2","EB4",3,"42910"
"95028","QMpro","LGDI1","EB1",3.8,"95028"
"95028","QMpro","LGDI1","EB2",6,"95028"
"95028","QMpro","LGDI1","EB3",3.3,"95028"
"95028","QMpro","LGDI1","EB4",2.1,"95028"
"95028","QMpro","LGDI2","EB1",4.7,"95028"
"95028","QMpro","LGDI2","EB2",6.4,"95028"
"95028","QMpro","LGDI2","EB3",2.6,"95028"
"95028","QMpro","LGDI2","EB4",1.6,"95028"
"95855","QMpro","LGDI1","EB1",4.1,"95855"
"95855","QMpro","LGDI1","EB2",6.2,"95855"
"95855","QMpro","LGDI1","EB3",3.4,"95855"
"95855","QMpro","LGDI1","EB4",2.3,"95855"
"95855","QMpro","LGDI2","EB1",4.7,"95855"
"95855","QMpro","LGDI2","EB2",6.5,"95855"
"95855","QMpro","LGDI2","EB3",3.1,"95855"
"95855","QMpro","LGDI2","EB4",2.1,"95855"
"99881","QMpro","LGDI1","EB1",4,"99881"
"99881","QMpro","LGDI1","EB2",4.1,"99881"
"99881","QMpro","LGDI1","EB3",4.4,"99881"
"99881","QMpro","LGDI1","EB4",4.5,"99881"
"99881","QMpro","LGDI2","EB1",4.7,"99881"
"99881","QMpro","LGDI2","EB2",4.8,"99881"
"99881","QMpro","LGDI2","EB3",5.1,"99881"
"99881","QMpro","LGDI2","EB4",4.8,"99881"
"81236","QMpro","LGDI1","EB1",3.4,"81236"
"81236","QMpro","LGDI1","EB2",3.9,"81236"
"81236","QMpro","LGDI1","EB3",2.3,"81236"
"81236","QMpro","LGDI1","EB4",2.7,"81236"
"81236","QMpro","LGDI2","EB1",4,"81236"
"81236","QMpro","LGDI2","EB2",4.2,"81236"
"81236","QMpro","LGDI2","EB3",2.5,"81236"
"81236","QMpro","LGDI2","EB4",2,"81236"
"64003","QMpro","LGDI1","EB1",4,"64003"
"64003","QMpro","LGDI1","EB2",5.4,"64003"
"64003","QMpro","LGDI1","EB3",3.4,"64003"
"64003","QMpro","LGDI1","EB4",2.4,"64003"
"64003","QMpro","LGDI2","EB1",4.7,"64003"
"64003","QMpro","LGDI2","EB2",6.2,"64003"
"64003","QMpro","LGDI2","EB3",3.7,"64003"
"64003","QMpro","LGDI2","EB4",2.9,"64003"
"71151","QMpro","LGDI1","EB1",4,"71151"
"71151","QMpro","LGDI1","EB2",3.4,"71151"
"71151","QMpro","LGDI1","EB3",3.7,"71151"
"71151","QMpro","LGDI1","EB4",3.9,"71151"
"71151","QMpro","LGDI2","EB1",4.5,"71151"
"71151","QMpro","LGDI2","EB2",4.7,"71151"
"71151","QMpro","LGDI2","EB3",4.7,"71151"
"71151","QMpro","LGDI2","EB4",4.8,"71151"
"27716","QMpro","LGDI1","EB1",2.3,"27716"
"27716","QMpro","LGDI1","EB2",4.6,"27716"
"27716","QMpro","LGDI1","EB3",3.5,"27716"
"27716","QMpro","LGDI1","EB4",1.8,"27716"
"27716","QMpro","LGDI2","EB1",2.6,"27716"
"27716","QMpro","LGDI2","EB2",5.3,"27716"
"27716","QMpro","LGDI2","EB3",3.8,"27716"
"27716","QMpro","LGDI2","EB4",2,"27716"
"62565","QMpro","LGDI1","EB1",4.8,"62565"
"62565","QMpro","LGDI1","EB2",6.7,"62565"
"62565","QMpro","LGDI1","EB3",3.6,"62565"
"62565","QMpro","LGDI1","EB4",2.7,"62565"
"62565","QMpro","LGDI2","EB1",5.8,"62565"
"62565","QMpro","LGDI2","EB2",6.9,"62565"
"62565","QMpro","LGDI2","EB3",3.7,"62565"
"62565","QMpro","LGDI2","EB4",2.9,"62565"
"34131","QMpro","LGDI1","EB1",4,"34131"
"34131","QMpro","LGDI1","EB2",5.8,"34131"
"34131","QMpro","LGDI1","EB3",3.4,"34131"
"34131","QMpro","LGDI1","EB4",2.5,"34131"
"34131","QMpro","LGDI2","EB1",4,"34131"
"34131","QMpro","LGDI2","EB2",5.7,"34131"
"34131","QMpro","LGDI2","EB3",3.9,"34131"
"34131","QMpro","LGDI2","EB4",2.1,"34131"
"49814","QMpro","LGDI1","EB1",4,"49814"
"49814","QMpro","LGDI1","EB2",5.3,"49814"
"49814","QMpro","LGDI1","EB3",3.2,"49814"
"49814","QMpro","LGDI1","EB4",2.1,"49814"
"49814","QMpro","LGDI2","EB1",5,"49814"
"49814","QMpro","LGDI2","EB2",4.9,"49814"
"49814","QMpro","LGDI2","EB3",3.2,"49814"
"49814","QMpro","LGDI2","EB4",2.3,"49814"
"14405","QMpro","LGDI1","EB1",3.3,"14405"
"14405","QMpro","LGDI1","EB2",4.3,"14405"
"14405","QMpro","LGDI1","EB3",2.6,"14405"
"14405","QMpro","LGDI1","EB4",1.6,"14405"
"14405","QMpro","LGDI2","EB1",3.8,"14405"
"14405","QMpro","LGDI2","EB2",5.1,"14405"
"14405","QMpro","LGDI2","EB3",3.2,"14405"
"14405","QMpro","LGDI2","EB4",1.6,"14405"
"28864","QMpro","LGDI1","EB1",2.8,"28864"
"28864","QMpro","LGDI1","EB2",4.4,"28864"
"28864","QMpro","LGDI1","EB3",2.7,"28864"
"28864","QMpro","LGDI1","EB4",1.3,"28864"
"28864","QMpro","LGDI2","EB1",3.2,"28864"
"28864","QMpro","LGDI2","EB2",3.9,"28864"
"28864","QMpro","LGDI2","EB3",3.4,"28864"
"28864","QMpro","LGDI2","EB4",1.5,"28864"
"74881","QMpro","LGDI1","EB1",3.8,"74881"
"74881","QMpro","LGDI1","EB2",4.9,"74881"
"74881","QMpro","LGDI1","EB3",3.5,"74881"
"74881","QMpro","LGDI1","EB4",1.7,"74881"
"74881","QMpro","LGDI2","EB1",3.6,"74881"
"74881","QMpro","LGDI2","EB2",5.3,"74881"
"74881","QMpro","LGDI2","EB3",3.6,"74881"
"74881","QMpro","LGDI2","EB4",2.5,"74881"
"74067","QMpro","LGDI1","EB1",2.1,"74067"
"74067","QMpro","LGDI1","EB2",6.4,"74067"
"74067","QMpro","LGDI1","EB3",4.2,"74067"
"74067","QMpro","LGDI1","EB4",2,"74067"
"74067","QMpro","LGDI2","EB1",2,"74067"
"74067","QMpro","LGDI2","EB2",6.7,"74067"
"74067","QMpro","LGDI2","EB3",4.6,"74067"
"74067","QMpro","LGDI2","EB4",2.1,"74067"
"56824","QMpro","LGDI1","EB1",4.4,"56824"
"56824","QMpro","LGDI1","EB2",5.7,"56824"
"56824","QMpro","LGDI1","EB3",5.5,"56824"
"56824","QMpro","LGDI1","EB4",5.3,"56824"
"56824","QMpro","LGDI2","EB1",5.9,"56824"
"56824","QMpro","LGDI2","EB2",5.6,"56824"
"56824","QMpro","LGDI2","EB3",5.5,"56824"
"56824","QMpro","LGDI2","EB4",6.4,"56824"
"38759","QMpro","LGDI1","EB1",3.1,"38759"
"38759","QMpro","LGDI1","EB2",5.9,"38759"
"38759","QMpro","LGDI1","EB3",2,"38759"
"38759","QMpro","LGDI1","EB4",2,"38759"
"38759","QMpro","LGDI2","EB1",4.1,"38759"
"38759","QMpro","LGDI2","EB2",6.5,"38759"
"38759","QMpro","LGDI2","EB3",2.2,"38759"
"38759","QMpro","LGDI2","EB4",1.9,"38759"
"44570","QMpro","LGDI1","EB1",3.8,"44570"
"44570","QMpro","LGDI1","EB2",5.4,"44570"
"44570","QMpro","LGDI1","EB3",3.7,"44570"
"44570","QMpro","LGDI1","EB4",2.33333333333333,"44570"
"44570","QMpro","LGDI2","EB1",4.5,"44570"
"44570","QMpro","LGDI2","EB2",6,"44570"
"44570","QMpro","LGDI2","EB3",3.55555555555556,"44570"
"44570","QMpro","LGDI2","EB4",2.5,"44570"
